<?xml version="1.0" encoding="UTF-8"?>
<export version="D">
  <design>
    <source>C:\Users\Kurt\Documents\pvp\assets\pcbs\pressure-rev2\pressure-rev2.sch</source>
    <date>8/19/2020 2:06:23 PM</date>
    <tool>Eeschema (5.1.6)-1</tool>
    <sheet number="1" name="/" tstamps="/">
      <title_block>
        <title>Raspberry Pi HAT</title>
        <company/>
        <rev>A</rev>
        <date/>
        <source>pressure-rev2.sch</source>
        <comment number="1" value=""/>
        <comment number="2" value=""/>
        <comment number="3" value=""/>
        <comment number="4" value=""/>
      </title_block>
    </sheet>
  </design>
  <components>
    <comp ref="H1">
      <value>3mm_Mounting_Hole</value>
      <footprint>project_footprints:NPTH_3mm_ID</footprint>
      <libsource lib="pressure-rev2-rescue" part="Mounting_Hole-Mechanical-pressure-rev1-rescue" description=""/>
      <sheetpath names="/" tstamps="/"/>
      <tstamp>5834BC4A</tstamp>
    </comp>
    <comp ref="H3">
      <value>3mm_Mounting_Hole</value>
      <footprint>project_footprints:NPTH_3mm_ID</footprint>
      <libsource lib="pressure-rev2-rescue" part="Mounting_Hole-Mechanical-pressure-rev1-rescue" description=""/>
      <sheetpath names="/" tstamps="/"/>
      <tstamp>5834BCDF</tstamp>
    </comp>
    <comp ref="H2">
      <value>3mm_Mounting_Hole</value>
      <footprint>project_footprints:NPTH_3mm_ID</footprint>
      <libsource lib="pressure-rev2-rescue" part="Mounting_Hole-Mechanical-pressure-rev1-rescue" description=""/>
      <sheetpath names="/" tstamps="/"/>
      <tstamp>5834BD62</tstamp>
    </comp>
    <comp ref="H4">
      <value>3mm_Mounting_Hole</value>
      <footprint>project_footprints:NPTH_3mm_ID</footprint>
      <libsource lib="pressure-rev2-rescue" part="Mounting_Hole-Mechanical-pressure-rev1-rescue" description=""/>
      <sheetpath names="/" tstamps="/"/>
      <tstamp>5834BDED</tstamp>
    </comp>
    <comp ref="U4">
      <value>Adafruit_ADS1115</value>
      <footprint>tigervent:Adafruit_ADS1115</footprint>
      <libsource lib="pressure-rev2-rescue" part="Adafruit_ADS1115-tigervent" description=""/>
      <sheetpath names="/" tstamps="/"/>
      <tstamp>5EA49E51</tstamp>
    </comp>
    <comp ref="U6">
      <value>MINI-P-Sensor</value>
      <footprint>tigervent:MINI-P-Sensor-Horizontal</footprint>
      <libsource lib="pressure-rev2-rescue" part="MINI-P-Sensor-tigervent" description=""/>
      <sheetpath names="/" tstamps="/"/>
      <tstamp>5EA4A648</tstamp>
    </comp>
    <comp ref="U5">
      <value>MINI-P-Sensor</value>
      <footprint>tigervent:MINI-P-Sensor-Horizontal</footprint>
      <libsource lib="pressure-rev2-rescue" part="MINI-P-Sensor-tigervent" description=""/>
      <sheetpath names="/" tstamps="/"/>
      <tstamp>5EA4AC6F</tstamp>
    </comp>
    <comp ref="J3">
      <value>Conn_02x01</value>
      <footprint>Connector_PinHeader_2.54mm:PinHeader_2x01_P2.54mm_Vertical</footprint>
      <datasheet>~</datasheet>
      <libsource lib="Connector_Generic" part="Conn_02x01" description="Generic connector, double row, 02x01, this symbol is compatible with counter-clockwise, top-bottom and odd-even numbering schemes., script generated (kicad-library-utils/schlib/autogen/connector/)"/>
      <sheetpath names="/" tstamps="/"/>
      <tstamp>5EA6355F</tstamp>
    </comp>
    <comp ref="TP1">
      <value>TestPoint</value>
      <footprint>TestPoint:TestPoint_THTPad_2.0x2.0mm_Drill1.0mm</footprint>
      <datasheet>~</datasheet>
      <libsource lib="Connector" part="TestPoint" description="test point"/>
      <sheetpath names="/" tstamps="/"/>
      <tstamp>5EA92061</tstamp>
    </comp>
    <comp ref="TP2">
      <value>TestPoint</value>
      <footprint>TestPoint:TestPoint_THTPad_2.0x2.0mm_Drill1.0mm</footprint>
      <datasheet>~</datasheet>
      <libsource lib="Connector" part="TestPoint" description="test point"/>
      <sheetpath names="/" tstamps="/"/>
      <tstamp>5EA8E155</tstamp>
    </comp>
    <comp ref="U2">
      <value>INA126</value>
      <footprint>Package_DIP:DIP-8_W7.62mm</footprint>
      <datasheet>http://www.ti.com/lit/ds/symlink/ina128.pdf</datasheet>
      <libsource lib="Amplifier_Instrumentation" part="INA128" description="Precision, Low Power Instrumentation Amplifier G = 1 + 50kOhm/Rg, DIP-8/SOIC-8"/>
      <sheetpath names="/" tstamps="/"/>
      <tstamp>5EA6FD89</tstamp>
    </comp>
    <comp ref="R1">
      <value>R</value>
      <footprint>Resistor_THT:R_Axial_DIN0207_L6.3mm_D2.5mm_P10.16mm_Horizontal</footprint>
      <datasheet>~</datasheet>
      <libsource lib="Device" part="R" description="Resistor"/>
      <sheetpath names="/" tstamps="/"/>
      <tstamp>5EAA6885</tstamp>
    </comp>
    <comp ref="J1">
      <value>40HAT</value>
      <footprint>Connector_PinSocket_2.54mm:PinSocket_2x20_P2.54mm_Vertical</footprint>
      <libsource lib="pressure-rev2-rescue" part="OX40HAT-raspberrypi_hat" description=""/>
      <sheetpath names="/" tstamps="/"/>
      <tstamp>58DFC771</tstamp>
    </comp>
    <comp ref="U1">
      <value>TL7660</value>
      <footprint>Package_DIP:DIP-8_W7.62mm</footprint>
      <libsource lib="pressure-rev2-rescue" part="TL7660-tl7660" description=""/>
      <sheetpath names="/" tstamps="/"/>
      <tstamp>5EE1BC77</tstamp>
    </comp>
    <comp ref="C1">
      <value>CP1</value>
      <footprint>Capacitor_THT:CP_Radial_D4.0mm_P2.00mm</footprint>
      <datasheet>~</datasheet>
      <libsource lib="Device" part="CP1" description="Polarized capacitor, US symbol"/>
      <sheetpath names="/" tstamps="/"/>
      <tstamp>5EE2DF50</tstamp>
    </comp>
    <comp ref="C2">
      <value>CP1</value>
      <footprint>Capacitor_THT:CP_Radial_D4.0mm_P2.00mm</footprint>
      <datasheet>~</datasheet>
      <libsource lib="Device" part="CP1" description="Polarized capacitor, US symbol"/>
      <sheetpath names="/" tstamps="/"/>
      <tstamp>5EE32E72</tstamp>
    </comp>
    <comp ref="U3">
      <value>MINI-P-Sensor</value>
      <footprint>kicad-lib:MINI-P-Sensor-Horizontal</footprint>
      <libsource lib="pressure-rev2-rescue" part="MINI-P-Sensor-tigervent" description=""/>
      <sheetpath names="/" tstamps="/"/>
      <tstamp>5EE34BC1</tstamp>
    </comp>
    <comp ref="TP3">
      <value>TestPoint</value>
      <footprint>TestPoint:TestPoint_THTPad_2.0x2.0mm_Drill1.0mm</footprint>
      <datasheet>~</datasheet>
      <libsource lib="Connector" part="TestPoint" description="test point"/>
      <sheetpath names="/" tstamps="/"/>
      <tstamp>5EE44625</tstamp>
    </comp>
    <comp ref="J4">
      <value>Conn_01x03</value>
      <footprint>Connector_PinHeader_2.54mm:PinHeader_1x03_P2.54mm_Vertical</footprint>
      <datasheet>~</datasheet>
      <libsource lib="Connector_Generic" part="Conn_01x03" description="Generic connector, single row, 01x03, script generated (kicad-library-utils/schlib/autogen/connector/)"/>
      <sheetpath names="/" tstamps="/"/>
      <tstamp>5EE4838D</tstamp>
    </comp>
    <comp ref="TP4">
      <value>TestPoint</value>
      <footprint>TestPoint:TestPoint_THTPad_2.0x2.0mm_Drill1.0mm</footprint>
      <datasheet>~</datasheet>
      <libsource lib="Connector" part="TestPoint" description="test point"/>
      <sheetpath names="/" tstamps="/"/>
      <tstamp>5EE4B52C</tstamp>
    </comp>
    <comp ref="J2">
      <value>Conn_01x04</value>
      <footprint>Connector_PinHeader_2.54mm:PinHeader_1x04_P2.54mm_Vertical</footprint>
      <datasheet>~</datasheet>
      <libsource lib="Connector_Generic" part="Conn_01x04" description="Generic connector, single row, 01x04, script generated (kicad-library-utils/schlib/autogen/connector/)"/>
      <sheetpath names="/" tstamps="/"/>
      <tstamp>5EA9EE5F</tstamp>
    </comp>
  </components>
  <libparts>
    <libpart lib="Amplifier_Instrumentation" part="INA128">
      <aliases>
        <alias>INA129</alias>
      </aliases>
      <description>Precision, Low Power Instrumentation Amplifier G = 1 + 50kOhm/Rg, DIP-8/SOIC-8</description>
      <docs>http://www.ti.com/lit/ds/symlink/ina128.pdf</docs>
      <footprints>
        <fp>DIP*W7.62mm*</fp>
        <fp>SOIC*P1.27mm*</fp>
      </footprints>
      <fields>
        <field name="Reference">U</field>
        <field name="Value">INA128</field>
      </fields>
      <pins>
        <pin num="1" name="Rg" type="passive"/>
        <pin num="2" name="-" type="input"/>
        <pin num="3" name="+" type="input"/>
        <pin num="4" name="V-" type="power_in"/>
        <pin num="5" name="Ref" type="input"/>
        <pin num="6" name="~" type="output"/>
        <pin num="7" name="V+" type="power_in"/>
        <pin num="8" name="Rg" type="passive"/>
      </pins>
    </libpart>
    <libpart lib="Connector" part="TestPoint">
      <description>test point</description>
      <docs>~</docs>
      <footprints>
        <fp>Pin*</fp>
        <fp>Test*</fp>
      </footprints>
      <fields>
        <field name="Reference">TP</field>
        <field name="Value">TestPoint</field>
      </fields>
      <pins>
        <pin num="1" name="1" type="passive"/>
      </pins>
    </libpart>
    <libpart lib="Connector_Generic" part="Conn_01x03">
      <description>Generic connector, single row, 01x03, script generated (kicad-library-utils/schlib/autogen/connector/)</description>
      <docs>~</docs>
      <footprints>
        <fp>Connector*:*_1x??_*</fp>
      </footprints>
      <fields>
        <field name="Reference">J</field>
        <field name="Value">Conn_01x03</field>
      </fields>
      <pins>
        <pin num="1" name="Pin_1" type="passive"/>
        <pin num="2" name="Pin_2" type="passive"/>
        <pin num="3" name="Pin_3" type="passive"/>
      </pins>
    </libpart>
    <libpart lib="Connector_Generic" part="Conn_01x04">
      <description>Generic connector, single row, 01x04, script generated (kicad-library-utils/schlib/autogen/connector/)</description>
      <docs>~</docs>
      <footprints>
        <fp>Connector*:*_1x??_*</fp>
      </footprints>
      <fields>
        <field name="Reference">J</field>
        <field name="Value">Conn_01x04</field>
      </fields>
      <pins>
        <pin num="1" name="Pin_1" type="passive"/>
        <pin num="2" name="Pin_2" type="passive"/>
        <pin num="3" name="Pin_3" type="passive"/>
        <pin num="4" name="Pin_4" type="passive"/>
      </pins>
    </libpart>
    <libpart lib="Connector_Generic" part="Conn_02x01">
      <description>Generic connector, double row, 02x01, this symbol is compatible with counter-clockwise, top-bottom and odd-even numbering schemes., script generated (kicad-library-utils/schlib/autogen/connector/)</description>
      <docs>~</docs>
      <footprints>
        <fp>Connector*:*_2x??_*</fp>
      </footprints>
      <fields>
        <field name="Reference">J</field>
        <field name="Value">Conn_02x01</field>
      </fields>
      <pins>
        <pin num="1" name="Pin_1" type="passive"/>
        <pin num="2" name="Pin_2" type="passive"/>
      </pins>
    </libpart>
    <libpart lib="Device" part="CP1">
      <description>Polarized capacitor, US symbol</description>
      <docs>~</docs>
      <footprints>
        <fp>CP_*</fp>
      </footprints>
      <fields>
        <field name="Reference">C</field>
        <field name="Value">CP1</field>
      </fields>
      <pins>
        <pin num="1" name="~" type="passive"/>
        <pin num="2" name="~" type="passive"/>
      </pins>
    </libpart>
    <libpart lib="Device" part="R">
      <description>Resistor</description>
      <docs>~</docs>
      <footprints>
        <fp>R_*</fp>
      </footprints>
      <fields>
        <field name="Reference">R</field>
        <field name="Value">R</field>
      </fields>
      <pins>
        <pin num="1" name="~" type="passive"/>
        <pin num="2" name="~" type="passive"/>
      </pins>
    </libpart>
    <libpart lib="pressure-rev2-rescue" part="Adafruit_ADS1115-tigervent">
      <fields>
        <field name="Reference">U</field>
        <field name="Value">Adafruit_ADS1115-tigervent</field>
      </fields>
      <pins>
        <pin num="1" name="Vdd" type="power_in"/>
        <pin num="2" name="GND" type="power_in"/>
        <pin num="3" name="SCL" type="input"/>
        <pin num="4" name="SDA" type="BiDi"/>
        <pin num="5" name="ADDR" type="BiDi"/>
        <pin num="6" name="ALRT" type="BiDi"/>
        <pin num="7" name="A0" type="input"/>
        <pin num="8" name="A1" type="input"/>
        <pin num="9" name="A2" type="input"/>
        <pin num="10" name="A3" type="input"/>
      </pins>
    </libpart>
    <libpart lib="pressure-rev2-rescue" part="MINI-P-Sensor-tigervent">
      <fields>
        <field name="Reference">U</field>
        <field name="Value">MINI-P-Sensor-tigervent</field>
      </fields>
      <pins>
        <pin num="1" name="V" type="input"/>
        <pin num="2" name="GND" type="input"/>
        <pin num="3" name="V_out" type="output"/>
        <pin num="4" name="NC" type="NotConnected"/>
      </pins>
    </libpart>
    <libpart lib="pressure-rev2-rescue" part="Mounting_Hole-Mechanical-pressure-rev1-rescue">
      <footprints>
        <fp>Mounting?Hole*</fp>
        <fp>Hole*</fp>
      </footprints>
      <fields>
        <field name="Reference">MK</field>
        <field name="Value">Mounting_Hole-Mechanical-pressure-rev1-rescue</field>
      </fields>
    </libpart>
    <libpart lib="pressure-rev2-rescue" part="OX40HAT-raspberrypi_hat">
      <fields>
        <field name="Reference">J</field>
        <field name="Value">OX40HAT-raspberrypi_hat</field>
        <field name="Footprint">Connector_PinSocket_2.54mm:PinSocket_2x20_P2.54mm_Vertical</field>
      </fields>
      <pins>
        <pin num="1" name="P3V3" type="BiDi"/>
        <pin num="2" name="P5V" type="BiDi"/>
        <pin num="3" name="BCM2" type="BiDi"/>
        <pin num="4" name="P5V" type="BiDi"/>
        <pin num="5" name="BCM3" type="BiDi"/>
        <pin num="6" name="GND" type="BiDi"/>
        <pin num="7" name="BCM4" type="BiDi"/>
        <pin num="8" name="BCM14" type="BiDi"/>
        <pin num="9" name="GND" type="BiDi"/>
        <pin num="10" name="BCM15" type="BiDi"/>
        <pin num="11" name="BCM17" type="BiDi"/>
        <pin num="12" name="BCM18" type="BiDi"/>
        <pin num="13" name="BCM27" type="BiDi"/>
        <pin num="14" name="GND" type="BiDi"/>
        <pin num="15" name="BCM22" type="BiDi"/>
        <pin num="16" name="BCM23" type="BiDi"/>
        <pin num="17" name="P3V3" type="BiDi"/>
        <pin num="18" name="BCM24" type="BiDi"/>
        <pin num="19" name="BCM10" type="BiDi"/>
        <pin num="20" name="GND" type="BiDi"/>
        <pin num="21" name="BCM9" type="BiDi"/>
        <pin num="22" name="BCM25" type="BiDi"/>
        <pin num="23" name="BCM11" type="BiDi"/>
        <pin num="24" name="BCM8" type="BiDi"/>
        <pin num="25" name="GND" type="BiDi"/>
        <pin num="26" name="BCM7" type="BiDi"/>
        <pin num="27" name="BCM0" type="BiDi"/>
        <pin num="28" name="BCM1" type="BiDi"/>
        <pin num="29" name="BCM5" type="BiDi"/>
        <pin num="30" name="GND" type="BiDi"/>
        <pin num="31" name="BCM6" type="BiDi"/>
        <pin num="32" name="BCM12" type="BiDi"/>
        <pin num="33" name="BCM13" type="BiDi"/>
        <pin num="34" name="GND" type="BiDi"/>
        <pin num="35" name="BCM19" type="BiDi"/>
        <pin num="36" name="BCM16" type="BiDi"/>
        <pin num="37" name="BCM26" type="BiDi"/>
        <pin num="38" name="BCM20" type="BiDi"/>
        <pin num="39" name="GND" type="BiDi"/>
        <pin num="40" name="BCM21" type="BiDi"/>
      </pins>
    </libpart>
    <libpart lib="pressure-rev2-rescue" part="TL7660-tl7660">
      <fields>
        <field name="Reference">U</field>
        <field name="Value">TL7660-tl7660</field>
      </fields>
      <pins>
        <pin num="1" name="NC" type="input"/>
        <pin num="2" name="CAP+" type="input"/>
        <pin num="3" name="GND" type="input"/>
        <pin num="4" name="CAP-" type="input"/>
        <pin num="5" name="VOUT" type="input"/>
        <pin num="6" name="LV" type="input"/>
        <pin num="7" name="OSC" type="input"/>
        <pin num="8" name="VCC" type="input"/>
      </pins>
    </libpart>
  </libparts>
  <libraries>
    <library logical="Amplifier_Instrumentation">
      <uri>C:\Program Files\KiCad\share\kicad\library/Amplifier_Instrumentation.lib</uri>
    </library>
    <library logical="Connector">
      <uri>C:\Program Files\KiCad\share\kicad\library/Connector.lib</uri>
    </library>
    <library logical="Connector_Generic">
      <uri>C:\Program Files\KiCad\share\kicad\library/Connector_Generic.lib</uri>
    </library>
    <library logical="Device">
      <uri>C:\Program Files\KiCad\share\kicad\library/Device.lib</uri>
    </library>
    <library logical="pressure-rev2-rescue">
      <uri>C:\Users\Kurt\Documents\pvp\assets\pcbs\pressure-rev2/pressure-rev2-rescue.lib</uri>
    </library>
  </libraries>
  <nets>
    <net code="1" name="Net-(J1-Pad35)">
      <node ref="J1" pin="35"/>
    </net>
    <net code="2" name="Net-(J1-Pad40)">
      <node ref="J1" pin="40"/>
    </net>
    <net code="3" name="Net-(J1-Pad38)">
      <node ref="J1" pin="38"/>
    </net>
    <net code="4" name="Net-(J1-Pad37)">
      <node ref="J1" pin="37"/>
    </net>
    <net code="5" name="Net-(J1-Pad36)">
      <node ref="J1" pin="36"/>
    </net>
    <net code="6" name="Net-(J1-Pad7)">
      <node ref="J1" pin="7"/>
    </net>
    <net code="7" name="Net-(J1-Pad33)">
      <node ref="J1" pin="33"/>
    </net>
    <net code="8" name="Net-(J1-Pad32)">
      <node ref="J1" pin="32"/>
    </net>
    <net code="9" name="Net-(J1-Pad31)">
      <node ref="J1" pin="31"/>
    </net>
    <net code="10" name="Net-(J1-Pad28)">
      <node ref="J1" pin="28"/>
    </net>
    <net code="11" name="Net-(J1-Pad8)">
      <node ref="J1" pin="8"/>
    </net>
    <net code="12" name="Net-(U1-Pad1)">
      <node ref="U1" pin="1"/>
    </net>
    <net code="13" name="Net-(C1-Pad1)">
      <node ref="U1" pin="2"/>
      <node ref="C1" pin="1"/>
    </net>
    <net code="14" name="Net-(C1-Pad2)">
      <node ref="U1" pin="4"/>
      <node ref="C1" pin="2"/>
    </net>
    <net code="15" name="Net-(U1-Pad6)">
      <node ref="U1" pin="6"/>
    </net>
    <net code="16" name="Net-(U1-Pad7)">
      <node ref="U1" pin="7"/>
    </net>
    <net code="17" name="Net-(C2-Pad1)">
      <node ref="C2" pin="1"/>
      <node ref="U2" pin="4"/>
      <node ref="U1" pin="5"/>
    </net>
    <net code="18" name="+5V">
      <node ref="J1" pin="2"/>
      <node ref="U2" pin="7"/>
      <node ref="U5" pin="1"/>
      <node ref="J1" pin="4"/>
      <node ref="U6" pin="1"/>
      <node ref="U1" pin="8"/>
      <node ref="U3" pin="1"/>
      <node ref="J2" pin="1"/>
      <node ref="U4" pin="1"/>
    </net>
    <net code="19" name="Net-(J1-Pad12)">
      <node ref="J1" pin="12"/>
    </net>
    <net code="20" name="Net-(J1-Pad11)">
      <node ref="J1" pin="11"/>
    </net>
    <net code="21" name="Net-(J1-Pad10)">
      <node ref="J1" pin="10"/>
    </net>
    <net code="22" name="Net-(J1-Pad13)">
      <node ref="J1" pin="13"/>
    </net>
    <net code="23" name="Net-(J1-Pad15)">
      <node ref="J1" pin="15"/>
    </net>
    <net code="24" name="Net-(J1-Pad16)">
      <node ref="J1" pin="16"/>
    </net>
    <net code="25" name="+3V3">
      <node ref="J1" pin="17"/>
      <node ref="J1" pin="1"/>
    </net>
    <net code="26" name="Net-(J1-Pad18)">
      <node ref="J1" pin="18"/>
    </net>
    <net code="27" name="Net-(J1-Pad19)">
      <node ref="J1" pin="19"/>
    </net>
    <net code="28" name="Net-(J1-Pad21)">
      <node ref="J1" pin="21"/>
    </net>
    <net code="29" name="Net-(J1-Pad22)">
      <node ref="J1" pin="22"/>
    </net>
    <net code="30" name="Net-(J1-Pad23)">
      <node ref="J1" pin="23"/>
    </net>
    <net code="31" name="Net-(J1-Pad24)">
      <node ref="J1" pin="24"/>
    </net>
    <net code="32" name="Net-(J1-Pad26)">
      <node ref="J1" pin="26"/>
    </net>
    <net code="33" name="Net-(J1-Pad27)">
      <node ref="J1" pin="27"/>
    </net>
    <net code="34" name="Net-(J3-Pad2)">
      <node ref="U4" pin="6"/>
      <node ref="J3" pin="2"/>
    </net>
    <net code="35" name="Net-(TP4-Pad1)">
      <node ref="U6" pin="3"/>
      <node ref="U4" pin="10"/>
      <node ref="TP4" pin="1"/>
    </net>
    <net code="36" name="/SDA">
      <node ref="J2" pin="2"/>
      <node ref="U4" pin="4"/>
      <node ref="J1" pin="3"/>
    </net>
    <net code="37" name="/SCL">
      <node ref="J2" pin="3"/>
      <node ref="J1" pin="5"/>
      <node ref="U4" pin="3"/>
    </net>
    <net code="38" name="Net-(U3-Pad4)">
      <node ref="U3" pin="4"/>
    </net>
    <net code="39" name="Net-(TP1-Pad1)">
      <node ref="U3" pin="3"/>
      <node ref="U4" pin="7"/>
      <node ref="TP1" pin="1"/>
    </net>
    <net code="40" name="Net-(J4-Pad1)">
      <node ref="U2" pin="2"/>
      <node ref="J4" pin="1"/>
    </net>
    <net code="41" name="Net-(R1-Pad1)">
      <node ref="R1" pin="1"/>
      <node ref="U2" pin="1"/>
    </net>
    <net code="42" name="Net-(J4-Pad3)">
      <node ref="U2" pin="3"/>
      <node ref="J4" pin="3"/>
    </net>
    <net code="43" name="GND">
      <node ref="J1" pin="14"/>
      <node ref="J1" pin="20"/>
      <node ref="J1" pin="25"/>
      <node ref="J2" pin="4"/>
      <node ref="C2" pin="2"/>
      <node ref="U3" pin="2"/>
      <node ref="J1" pin="6"/>
      <node ref="J1" pin="39"/>
      <node ref="J1" pin="34"/>
      <node ref="J1" pin="30"/>
      <node ref="J1" pin="9"/>
      <node ref="U1" pin="3"/>
      <node ref="U4" pin="5"/>
      <node ref="U4" pin="2"/>
      <node ref="U6" pin="2"/>
      <node ref="U5" pin="2"/>
      <node ref="U2" pin="5"/>
      <node ref="J4" pin="2"/>
    </net>
    <net code="44" name="Net-(R1-Pad2)">
      <node ref="R1" pin="2"/>
      <node ref="U2" pin="8"/>
    </net>
    <net code="45" name="Net-(TP2-Pad1)">
      <node ref="TP2" pin="1"/>
      <node ref="U5" pin="3"/>
      <node ref="U4" pin="8"/>
    </net>
    <net code="46" name="Net-(U6-Pad4)">
      <node ref="U6" pin="4"/>
    </net>
    <net code="47" name="Net-(TP3-Pad1)">
      <node ref="TP3" pin="1"/>
      <node ref="U4" pin="9"/>
      <node ref="U2" pin="6"/>
    </net>
    <net code="48" name="Net-(U5-Pad4)">
      <node ref="U5" pin="4"/>
    </net>
    <net code="49" name="/J_ALRT">
      <node ref="J1" pin="29"/>
      <node ref="J3" pin="1"/>
    </net>
  </nets>
</export>
